<annotation>
	<folder>original-images</folder>
	<filename>1.jpg</filename>
	<path>/Users/Bckenstler/Documents/repos/Hey-Waldo/original-images/1.jpg</path>
	<source>
		<database>Unknown</database>
	</source>
	<size>
		<width>2048</width>
		<height>1251</height>
		<depth>3</depth>
	</size>
	<segmented>0</segmented>
	<object>
		<name>waldo</name>
		<pose>Unspecified</pose>
		<truncated>0</truncated>
		<difficult>0</difficult>
		<bndbox>
			<xmin>706</xmin>
			<ymin>513</ymin>
			<xmax>743</xmax>
			<ymax>562</ymax>
		</bndbox>
	</object>
</annotation>
