<annotation>
	<folder>original-images</folder>
	<filename>12.jpg</filename>
	<path>/Users/Bckenstler/Documents/repos/Hey-Waldo/original-images/12.jpg</path>
	<source>
		<database>Unknown</database>
	</source>
	<size>
		<width>1276</width>
		<height>1754</height>
		<depth>3</depth>
	</size>
	<segmented>0</segmented>
	<object>
		<name>waldo</name>
		<pose>Unspecified</pose>
		<truncated>0</truncated>
		<difficult>0</difficult>
		<bndbox>
			<xmin>846</xmin>
			<ymin>517</ymin>
			<xmax>878</xmax>
			<ymax>563</ymax>
		</bndbox>
	</object>
</annotation>
