<annotation>
	<folder>original-images</folder>
	<filename>13.jpg</filename>
	<path>/Users/Bckenstler/Documents/repos/Hey-Waldo/original-images/13.jpg</path>
	<source>
		<database>Unknown</database>
	</source>
	<size>
		<width>1280</width>
		<height>864</height>
		<depth>3</depth>
	</size>
	<segmented>0</segmented>
	<object>
		<name>waldo</name>
		<pose>Unspecified</pose>
		<truncated>0</truncated>
		<difficult>0</difficult>
		<bndbox>
			<xmin>932</xmin>
			<ymin>274</ymin>
			<xmax>942</xmax>
			<ymax>288</ymax>
		</bndbox>
	</object>
</annotation>
