<annotation>
	<folder>original-images</folder>
	<filename>14.jpg</filename>
	<path>/Users/Bckenstler/Documents/repos/Hey-Waldo/original-images/14.jpg</path>
	<source>
		<database>Unknown</database>
	</source>
	<size>
		<width>1700</width>
		<height>2340</height>
		<depth>3</depth>
	</size>
	<segmented>0</segmented>
	<object>
		<name>waldo</name>
		<pose>Unspecified</pose>
		<truncated>0</truncated>
		<difficult>0</difficult>
		<bndbox>
			<xmin>197</xmin>
			<ymin>1878</ymin>
			<xmax>237</xmax>
			<ymax>1919</ymax>
		</bndbox>
	</object>
</annotation>
