<annotation>
	<folder>original-images</folder>
	<filename>15.jpg</filename>
	<path>/Users/Bckenstler/Documents/repos/Hey-Waldo/original-images/15.jpg</path>
	<source>
		<database>Unknown</database>
	</source>
	<size>
		<width>1600</width>
		<height>1006</height>
		<depth>3</depth>
	</size>
	<segmented>0</segmented>
	<object>
		<name>waldo</name>
		<pose>Unspecified</pose>
		<truncated>0</truncated>
		<difficult>0</difficult>
		<bndbox>
			<xmin>297</xmin>
			<ymin>428</ymin>
			<xmax>311</xmax>
			<ymax>445</ymax>
		</bndbox>
	</object>
</annotation>
