<annotation>
	<folder>original-images</folder>
	<filename>17.jpg</filename>
	<path>/Users/Bckenstler/Documents/repos/Hey-Waldo/original-images/17.jpg</path>
	<source>
		<database>Unknown</database>
	</source>
	<size>
		<width>1599</width>
		<height>1230</height>
		<depth>3</depth>
	</size>
	<segmented>0</segmented>
	<object>
		<name>waldo</name>
		<pose>Unspecified</pose>
		<truncated>0</truncated>
		<difficult>0</difficult>
		<bndbox>
			<xmin>751</xmin>
			<ymin>250</ymin>
			<xmax>772</xmax>
			<ymax>281</ymax>
		</bndbox>
	</object>
</annotation>
