<annotation>
	<folder>original-images</folder>
	<filename>18.jpg</filename>
	<path>/Users/Bckenstler/Documents/repos/Hey-Waldo/original-images/18.jpg</path>
	<source>
		<database>Unknown</database>
	</source>
	<size>
		<width>1590</width>
		<height>981</height>
		<depth>3</depth>
	</size>
	<segmented>0</segmented>
	<object>
		<name>waldo</name>
		<pose>Unspecified</pose>
		<truncated>0</truncated>
		<difficult>0</difficult>
		<bndbox>
			<xmin>1259</xmin>
			<ymin>75</ymin>
			<xmax>1290</xmax>
			<ymax>111</ymax>
		</bndbox>
	</object>
</annotation>
