<annotation>
	<folder>original-images</folder>
	<filename>2.jpg</filename>
	<path>/Users/Bckenstler/Documents/repos/Hey-Waldo/original-images/2.jpg</path>
	<source>
		<database>Unknown</database>
	</source>
	<size>
		<width>1286</width>
		<height>946</height>
		<depth>3</depth>
	</size>
	<segmented>0</segmented>
	<object>
		<name>waldo</name>
		<pose>Unspecified</pose>
		<truncated>0</truncated>
		<difficult>0</difficult>
		<bndbox>
			<xmin>82</xmin>
			<ymin>521</ymin>
			<xmax>107</xmax>
			<ymax>554</ymax>
		</bndbox>
	</object>
</annotation>
