<annotation>
	<folder>original-images</folder>
	<filename>8.jpg</filename>
	<path>/Users/Bckenstler/Documents/repos/Hey-Waldo/original-images/8.jpg</path>
	<source>
		<database>Unknown</database>
	</source>
	<size>
		<width>2800</width>
		<height>1760</height>
		<depth>3</depth>
	</size>
	<segmented>0</segmented>
	<object>
		<name>waldo</name>
		<pose>Unspecified</pose>
		<truncated>0</truncated>
		<difficult>0</difficult>
		<bndbox>
			<xmin>1166</xmin>
			<ymin>291</ymin>
			<xmax>1191</xmax>
			<ymax>322</ymax>
		</bndbox>
	</object>
</annotation>
