<annotation>
	<folder>original-images</folder>
	<filename>9.jpg</filename>
	<path>/Users/Bckenstler/Documents/repos/Hey-Waldo/original-images/9.jpg</path>
	<source>
		<database>Unknown</database>
	</source>
	<size>
		<width>1298</width>
		<height>951</height>
		<depth>3</depth>
	</size>
	<segmented>0</segmented>
	<object>
		<name>waldo</name>
		<pose>Unspecified</pose>
		<truncated>0</truncated>
		<difficult>0</difficult>
		<bndbox>
			<xmin>231</xmin>
			<ymin>735</ymin>
			<xmax>261</xmax>
			<ymax>769</ymax>
		</bndbox>
	</object>
</annotation>
